--use spaza;

-- MySQL dump 10.13  Distrib 5.6.23, for osx10.10 (x86_64)
--
-- Host: localhost    Database: spaza
-- ------------------------------------------------------
-- Server version	5.6.24

/*!40101 SET @OLD_CHARACTER_SET_CLIENT=@@CHARACTER_SET_CLIENT */;
/*!40101 SET @OLD_CHARACTER_SET_RESULTS=@@CHARACTER_SET_RESULTS */;
/*!40101 SET @OLD_COLLATION_CONNECTION=@@COLLATION_CONNECTION */;
/*!40101 SET NAMES utf8 */;
/*!40103 SET @OLD_TIME_ZONE=@@TIME_ZONE */;
/*!40103 SET TIME_ZONE='+00:00' */;
/*!40014 SET @OLD_UNIQUE_CHECKS=@@UNIQUE_CHECKS, UNIQUE_CHECKS=0 */;
/*!40014 SET @OLD_FOREIGN_KEY_CHECKS=@@FOREIGN_KEY_CHECKS, FOREIGN_KEY_CHECKS=0 */;
/*!40101 SET @OLD_SQL_MODE=@@SQL_MODE, SQL_MODE='NO_AUTO_VALUE_ON_ZERO' */;
/*!40111 SET @OLD_SQL_NOTES=@@SQL_NOTES, SQL_NOTES=0 */;

--
-- Table structure for table `categories`
--

DROP TABLE IF EXISTS `categories`;
/*!40101 SET @saved_cs_client     = @@character_set_client */;
/*!40101 SET character_set_client = utf8 */;
CREATE TABLE `categories` (
  `category_id` int(11) NOT NULL AUTO_INCREMENT,
  `category_name` varchar(45) NOT NULL,
  PRIMARY KEY (`category_id`)
) ENGINE=InnoDB AUTO_INCREMENT=7 DEFAULT CHARSET=latin1;
/*!40101 SET character_set_client = @saved_cs_client */;

--
-- Dumping data for table `categories`
--

LOCK TABLES `categories` WRITE;
/*!40000 ALTER TABLE `categories` DISABLE KEYS */;
INSERT INTO `categories` VALUES (1,'stapleFoods'),(2,'nonPerishables'),(3,'drinks'),(4,'bathroom'),(5,'fruit'),(6,'giftItems');
/*!40000 ALTER TABLE `categories` ENABLE KEYS */;
UNLOCK TABLES;

--
-- Table structure for table `orders_table`
--

DROP TABLE IF EXISTS `orders_table`;
/*!40101 SET @saved_cs_client     = @@character_set_client */;
/*!40101 SET character_set_client = utf8 */;
CREATE TABLE `orders_table` (
  `shop` varchar(45) NOT NULL,
  `date` date NOT NULL,
  `item` varchar(45) NOT NULL,
  `quantity` int(11) NOT NULL,
  `cost` decimal(10,2) NOT NULL,
  `total_cost` decimal(10,2) NOT NULL
) ENGINE=InnoDB DEFAULT CHARSET=latin1;
/*!40101 SET character_set_client = @saved_cs_client */;

--
-- Dumping data for table `orders_table`
--

LOCK TABLES `orders_table` WRITE;
/*!40000 ALTER TABLE `orders_table` DISABLE KEYS */;
INSERT INTO `orders_table` VALUES ('Makro','2015-01-23','Chakalaka Can',3,7.00,21.00),('Makro','2015-01-23','Coke 500ml',3,3.50,10.50),('Makro','2015-01-23','Cream Soda 500ml',4,4.50,18.00),('Makro','2015-01-23','Fanta 500ml',2,4.50,9.00),('Makro','2015-01-23','Gold Dish Vegetable Curry Can',2,5.00,10.00),('Makro','2015-01-23','Imasi',1,17.00,17.00),('Makro','2015-01-23','Iwisa Pap 5kg',3,20.00,60.00),('Makro','2015-01-23','Milk 1l',4,7.00,28.00),('Makro','2015-01-23','Top Class Soy Mince',5,8.00,40.00),('Epping Market','2015-01-28','Bananas - loose',4,1.00,4.00),('Epping Market','2015-01-28','Apples - loose',10,1.50,15.00),('Epping Market','2015-01-28','Mixed Sweets 5s',60,3.00,180.00),('HomeMade','2015-01-28','Shampoo 1 litre',1,20.00,20.00),('HomeMade','2015-01-28','Soap Bar',3,3.00,9.00),('Makro','2015-01-28','Bread',30,9.00,270.00),('Makro','2015-01-28','Chakalaka Can',15,7.00,105.00),('Makro','2015-01-28','Coke 500ml',36,3.50,126.00),('Makro','2015-01-28','Cream Soda 500ml',24,4.50,108.00),('Makro','2015-01-28','Fanta 500ml',24,4.50,108.00),('Makro','2015-01-28','Gold Dish Vegetable Curry Can',15,5.00,75.00),('Makro','2015-01-28','Imasi',15,17.00,255.00),('Makro','2015-01-28','Iwisa Pap 5kg',15,20.00,300.00),('Makro','2015-01-28','Milk 1l',25,7.00,175.00),('Makro','2015-01-28','Top Class Soy Mince',10,8.00,80.00),('HomeMade','2015-02-02','Shampoo 1 litre',1,20.00,20.00),('HomeMade','2015-02-02','Soap Bar',3,3.00,9.00),('Epping Market','2015-02-03','Bananas - loose',12,1.00,12.00),('Epping Market','2015-02-03','Apples - loose',100,1.50,150.00),('Epping Market','2015-02-03','Mixed Sweets 5s',240,3.00,720.00),('HomeMade','2015-02-04','Shampoo 1 litre',2,20.00,40.00),('HomeMade','2015-02-04','Soap Bar',5,3.00,15.00),('Joe Spaza Shop','2015-02-04','Bread',4,11.00,44.00),('Joe Spaza Shop','2015-02-04','Imasi',4,24.00,96.00),('Epping Market','2015-02-06','Bananas - loose',8,1.00,8.00),('Epping Market','2015-02-06','Apples - loose',100,1.50,150.00),('Epping Market','2015-02-06','Mixed Sweets 5s',150,3.00,450.00),('HomeMade','2015-02-06','Soap Bar',5,3.00,15.00),('Makro','2015-02-06','Bread',30,9.00,270.00),('Makro','2015-02-06','Chakalaka Can',15,7.00,105.00),('Makro','2015-02-06','Coke 500ml',36,3.50,126.00),('Makro','2015-02-06','Cream Soda 500ml',18,4.50,81.00),('Makro','2015-02-06','Fanta 500ml',24,4.50,108.00),('Makro','2015-02-06','Gold Dish Vegetable Curry Can',15,5.00,75.00),('Makro','2015-02-06','Imasi',25,17.00,425.00),('Makro','2015-02-06','Iwisa Pap 5kg',5,20.00,100.00),('Makro','2015-02-06','Milk 1l',10,7.00,70.00),('Makro','2015-02-06','Top Class Soy Mince',10,8.00,80.00),('ChinaTown','2015-02-09','Rose (plastic)',20,10.00,200.00),('Joe Spaza Shop','2015-02-09','Milk 1l',3,9.50,28.50),('Epping Market','2015-02-10','Bananas - loose',4,1.00,4.00),('Epping Market','2015-02-10','Apples - loose',20,1.50,30.00),('Epping Market','2015-02-10','Mixed Sweets 5s',150,3.00,450.00),('Makro','2015-02-10','Bread',10,9.00,90.00),('Makro','2015-02-10','Chakalaka Can',15,7.00,105.00),('Makro','2015-02-10','Coke 500ml',18,3.50,63.00),('Makro','2015-02-10','Gold Dish Vegetable Curry Can',5,5.00,25.00),('Makro','2015-02-10','Heart Chocolates',20,25.00,500.00),('Makro','2015-02-10','Imasi',10,17.00,170.00),('Makro','2015-02-10','Iwisa Pap 5kg',5,20.00,100.00),('Makro','2015-02-10','Milk 1l',10,7.00,70.00),('Makro','2015-02-10','Top Class Soy Mince',15,8.00,120.00),('HomeMade','2015-02-11','Shampoo 1 litre',2,20.00,40.00),('HomeMade','2015-02-11','Valentine Cards',20,2.00,40.00),('Joe Spaza Shop','2015-02-12','Milk 1l',3,9.50,28.50),('Epping Market','2015-02-13','Bananas - loose',4,1.00,4.00),('Epping Market','2015-02-13','Mixed Sweets 5s',50,3.00,150.00),('HomeMade','2015-02-13','Shampoo 1 litre',3,20.00,60.00),('HomeMade','2015-02-13','Soap Bar',5,3.00,15.00),('Joe Spaza Shop','2015-02-13','Gold Dish Vegetable Curry Can',5,8.50,42.50),('Makro','2015-02-13','Bread',5,9.00,45.00),('Makro','2015-02-13','Coke 500ml',12,3.50,42.00),('Makro','2015-02-13','Fanta 500ml',12,4.50,54.00),('Makro','2015-02-13','Imasi',20,17.00,340.00),('Makro','2015-02-13','Milk 1l',15,7.00,105.00),('Makro','2015-02-13','Top Class Soy Mince',5,8.00,40.00),('HomeMade','2015-02-14','Shampoo 1 litre',1,20.00,20.00),('Joe Spaza Shop','2015-02-14','Gold Dish Vegetable Curry Can',2,8.50,17.00),('Joe Spaza Shop','2015-02-16','Chakalaka Can',2,8.50,17.00),('Joe Spaza Shop','2015-02-16','Cream Soda 500ml',2,7.50,15.00),('Joe Spaza Shop','2015-02-16','Fanta 500ml',1,6.50,6.50),('Joe Spaza Shop','2015-02-16','Gold Dish Vegetable Curry Can',2,8.50,17.00),('Joe Spaza Shop','2015-02-16','Iwisa Pap 5kg',1,30.00,30.00),('Joe Spaza Shop','2015-02-16','Milk 1l',6,9.50,57.00),('Epping Market','2015-02-17','Apples - loose',60,1.50,90.00),('Epping Market','2015-02-17','Mixed Sweets 5s',12,3.00,36.00),('Makro','2015-02-17','Bread',15,9.00,135.00),('Makro','2015-02-17','Chakalaka Can',10,7.00,70.00),('Makro','2015-02-17','Coke 500ml',24,3.50,84.00),('Makro','2015-02-17','Cream Soda 500ml',12,4.50,54.00),('Makro','2015-02-17','Fanta 500ml',12,4.50,54.00),('Makro','2015-02-17','Gold Dish Vegetable Curry Can',10,5.00,50.00),('Makro','2015-02-17','Imasi',15,17.00,255.00),('Makro','2015-02-17','Iwisa Pap 5kg',5,20.00,100.00),('Makro','2015-02-17','Milk 1l',15,7.00,105.00),('Makro','2015-02-17','Top Class Soy Mince',5,8.00,40.00),('HomeMade','2015-02-18','Shampoo 1 litre',1,20.00,20.00),('HomeMade','2015-02-18','Soap Bar',5,3.00,15.00),('HomeMade','2015-02-19','Shampoo 1 litre',2,20.00,40.00),('Joe Spaza Shop','2015-02-19','Milk 1l',1,9.50,9.50),('Epping Market','2015-02-20','Bananas - loose',20,1.00,20.00),('Epping Market','2015-02-20','Apples - loose',90,1.50,135.00),('Epping Market','2015-02-20','Mixed Sweets 5s',20,3.00,60.00),('HomeMade','2015-02-20','Shampoo 1 litre',2,20.00,40.00),('HomeMade','2015-02-20','Soap Bar',3,3.00,9.00),('Makro','2015-02-20','Bread',10,9.00,90.00),('Makro','2015-02-20','Imasi',10,17.00,170.00),('Makro','2015-02-20','Iwisa Pap 5kg',5,20.00,100.00),('Makro','2015-02-20','Milk 1l',15,7.00,105.00),('Makro','2015-02-20','Top Class Soy Mince',10,8.00,80.00),('Joe Spaza Shop','2015-02-23','Chakalaka Can',3,9.00,27.00),('Epping Market','2015-02-24','Bananas - loose',10,1.00,10.00),('Epping Market','2015-02-24','Apples - loose',90,1.50,135.00),('Epping Market','2015-02-24','Mixed Sweets 5s',8,3.00,24.00),('Makro','2015-02-24','Bread',15,9.00,135.00),('Makro','2015-02-24','Chakalaka Can',10,7.00,70.00),('Makro','2015-02-24','Coke 500ml',18,3.50,63.00),('Makro','2015-02-24','Cream Soda 500ml',6,4.50,27.00),('Makro','2015-02-24','Fanta 500ml',6,4.50,27.00),('Makro','2015-02-24','Gold Dish Vegetable Curry Can',10,5.00,50.00),('Makro','2015-02-24','Imasi',15,17.00,255.00),('Makro','2015-02-24','Milk 1l',20,7.00,140.00),('Makro','2015-02-24','Top Class Soy Mince',15,8.00,120.00),('HomeMade','2015-02-25','Soap Bar',5,3.00,15.00),('HomeMade','2015-02-26','Shampoo 1 litre',2,20.00,40.00),('HomeMade','2015-02-26','Soap Bar',5,3.00,15.00),('Joe Spaza Shop','2015-02-26','Bread',1,11.00,11.00),('Joe Spaza Shop','2015-02-26','Fanta 500ml',2,6.50,13.00),('Joe Spaza Shop','2015-02-26','Gold Dish Vegetable Curry Can',1,8.50,8.50),('Joe Spaza Shop','2015-02-26','Iwisa Pap 5kg',1,30.00,30.00),('Epping Market','2015-02-27','Bananas - loose',10,1.00,10.00),('Epping Market','2015-02-27','Apples - loose',60,1.50,90.00),('HomeMade','2015-02-27','Shampoo 1 litre',5,20.00,100.00),('HomeMade','2015-02-27','Soap Bar',5,3.00,15.00),('Makro','2015-02-27','Bread',20,9.00,180.00),('Makro','2015-02-27','Chakalaka Can',15,7.00,105.00),('Makro','2015-02-27','Coke 500ml',24,3.50,84.00),('Makro','2015-02-27','Cream Soda 500ml',12,4.50,54.00),('Makro','2015-02-27','Fanta 500ml',12,4.50,54.00),('Makro','2015-02-27','Gold Dish Vegetable Curry Can',15,5.00,75.00),('Makro','2015-02-27','Imasi',15,17.00,255.00),('Makro','2015-02-27','Iwisa Pap 5kg',10,20.00,200.00),('Makro','2015-02-27','Milk 1l',20,7.00,140.00),('Makro','2015-02-27','Top Class Soy Mince',15,8.00,120.00),('HomeMade','2015-02-28','Shampoo 1 litre',2,20.00,40.00),('HomeMade','2015-02-28','Soap Bar',3,3.00,9.00),('Joe Spaza Shop','2015-02-28','Chakalaka Can',3,8.50,25.50),('Joe Spaza Shop','2015-02-28','Gold Dish Vegetable Curry Can',2,8.50,17.00),('Joe Spaza Shop','2015-02-28','Top Class Soy Mince',5,11.00,55.00),('HomeMade','2015-03-01','Shampoo 1 litre',2,20.00,40.00),('HomeMade','2015-03-01','Soap Bar',5,3.00,15.00),('Joe Spaza Shop','2015-03-01','Chakalaka Can',3,8.50,25.50),('Joe Spaza Shop','2015-03-01','Gold Dish Vegetable Curry Can',2,8.50,17.00),('Joe Spaza Shop','2015-03-01','Top Class Soy Mince',3,11.00,33.00);
/*!40000 ALTER TABLE `orders_table` ENABLE KEYS */;
UNLOCK TABLES;

--
-- Table structure for table `products`
--

DROP TABLE IF EXISTS `products`;
/*!40101 SET @saved_cs_client     = @@character_set_client */;
/*!40101 SET character_set_client = utf8 */;
CREATE TABLE `products` (
  `product_id` int(11) NOT NULL AUTO_INCREMENT,
  `product_name` varchar(45) NOT NULL,
  `category_id` int(11) NOT NULL,
  PRIMARY KEY (`product_id`),
  KEY `category_id_idx` (`category_id`),
  CONSTRAINT `category_id` FOREIGN KEY (`category_id`) REFERENCES `categories` (`category_id`) ON DELETE NO ACTION ON UPDATE NO ACTION
) ENGINE=InnoDB AUTO_INCREMENT=19 DEFAULT CHARSET=latin1;
/*!40101 SET character_set_client = @saved_cs_client */;

--
-- Dumping data for table `products`
--

LOCK TABLES `products` WRITE;
/*!40000 ALTER TABLE `products` DISABLE KEYS */;
INSERT INTO `products` VALUES (1,'Chakalaka Can',2),(2,'Coke 500ml',3),(3,'Cream Soda 500ml',3),(4,'Fanta 500ml',3),(5,'Gold Dish Vegetable Curry Can',2),(6,'Imasi',1),(7,'Iwisa Pap 5kg',1),(8,'Milk 1l',1),(9,'Top Class Soy Mince',2),(10,'Bananas - loose',5),(11,'Apples - loose',5),(12,'Mixed Sweets 5s',6),(13,'Shampoo 1 litre',4),(14,'Soap Bar',4),(15,'Bread',1),(16,'Rose (plastic)',6),(17,'Heart Chocolates',6),(18,'Valentine Cards',6);
/*!40000 ALTER TABLE `products` ENABLE KEYS */;
UNLOCK TABLES;

--
-- Table structure for table `purchase_table`
--

DROP TABLE IF EXISTS `purchase_table`;
/*!40101 SET @saved_cs_client     = @@character_set_client */;
/*!40101 SET character_set_client = utf8 */;
CREATE TABLE `purchase_table` (
  `day` varchar(20) NOT NULL,
  `date` date NOT NULL,
  `stock_item` varchar(45) NOT NULL,
  `no_sold` int(11) NOT NULL,
  `sales_price` decimal(10,2) NOT NULL
) ENGINE=InnoDB DEFAULT CHARSET=latin1;
/*!40101 SET character_set_client = @saved_cs_client */;

--
-- Dumping data for table `purchase_table`
--

LOCK TABLES `purchase_table` WRITE;
/*!40000 ALTER TABLE `purchase_table` DISABLE KEYS */;
INSERT INTO `purchase_table` VALUES ('Sunday','2015-02-01','Milk 1l',3,10.00),('Sunday','2015-02-01','Imasi',1,25.00),('Sunday','2015-02-01','Bread',2,12.00),('Sunday','2015-02-01','Chakalaka Can',3,10.00),('Sunday','2015-02-01','Gold Dish Vegetable Curry Can',2,9.00),('Sunday','2015-02-01','Fanta 500ml',3,6.50),('Sunday','2015-02-01','Coke 500ml',2,6.50),('Sunday','2015-02-01','Cream Soda 500ml',2,7.50),('Sunday','2015-02-01','Iwisa Pap 5kg',0,30.00),('Sunday','2015-02-01','Top Class Soy Mince',2,12.00),('Sunday','2015-02-01','Shampoo 1 litre',1,30.00),('Sunday','2015-02-01','Soap Bar',0,6.00),('Sunday','2015-02-01','Bananas - loose',3,2.00),('Sunday','2015-02-01','Apples - loose',5,2.00),('Sunday','2015-02-01','Mixed Sweets 5s',9,3.00),('Monday','2015-02-02','Milk 1l',4,10.00),('Monday','2015-02-02','Imasi',4,25.00),('Monday','2015-02-02','Bread',5,12.00),('Monday','2015-02-02','Chakalaka Can',4,10.00),('Monday','2015-02-02','Gold Dish Vegetable Curry Can',5,9.00),('Monday','2015-02-02','Fanta 500ml',5,6.50),('Monday','2015-02-02','Coke 500ml',8,6.50),('Monday','2015-02-02','Cream Soda 500ml',4,7.50),('Monday','2015-02-02','Iwisa Pap 5kg',5,30.00),('Monday','2015-02-02','Top Class Soy Mince',3,12.00),('Monday','2015-02-02','Shampoo 1 litre',0,30.00),('Monday','2015-02-02','Soap Bar',2,6.00),('Monday','2015-02-02','Bananas - loose',0,2.00),('Monday','2015-02-02','Apples - loose',0,2.00),('Monday','2015-02-02','Mixed Sweets 5s',0,3.00),('Tuesday','2015-02-03','Milk 1l',7,10.00),('Tuesday','2015-02-03','Imasi',4,25.00),('Tuesday','2015-02-03','Bread',7,12.00),('Tuesday','2015-02-03','Chakalaka Can',4,10.00),('Tuesday','2015-02-03','Gold Dish Vegetable Curry Can',2,9.00),('Tuesday','2015-02-03','Fanta 500ml',5,6.50),('Tuesday','2015-02-03','Coke 500ml',8,6.50),('Tuesday','2015-02-03','Cream Soda 500ml',3,7.50),('Tuesday','2015-02-03','Iwisa Pap 5kg',3,30.00),('Tuesday','2015-02-03','Top Class Soy Mince',3,12.00),('Tuesday','2015-02-03','Shampoo 1 litre',0,30.00),('Tuesday','2015-02-03','Soap Bar',2,6.00),('Tuesday','2015-02-03','Bananas - loose',10,2.00),('Tuesday','2015-02-03','Apples - loose',8,2.00),('Tuesday','2015-02-03','Mixed Sweets 5s',15,2.00),('Wednesday','2015-02-04','Milk 1l',5,10.00),('Wednesday','2015-02-04','Imasi',8,25.00),('Wednesday','2015-02-04','Bread',8,12.00),('Wednesday','2015-02-04','Chakalaka Can',2,10.00),('Wednesday','2015-02-04','Gold Dish Vegetable Curry Can',0,9.00),('Wednesday','2015-02-04','Fanta 500ml',7,6.50),('Wednesday','2015-02-04','Coke 500ml',12,6.50),('Wednesday','2015-02-04','Cream Soda 500ml',2,7.50),('Wednesday','2015-02-04','Iwisa Pap 5kg',1,30.00),('Wednesday','2015-02-04','Top Class Soy Mince',4,12.00),('Wednesday','2015-02-04','Shampoo 1 litre',1,30.00),('Wednesday','2015-02-04','Soap Bar',3,6.00),('Wednesday','2015-02-04','Bananas - loose',16,2.00),('Wednesday','2015-02-04','Apples - loose',8,2.00),('Wednesday','2015-02-04','Mixed Sweets 5s',12,2.00),('Thursday','2015-02-05','Milk 1l',10,10.00),('Thursday','2015-02-05','Imasi',3,25.00),('Thursday','2015-02-05','Bread',12,12.00),('Thursday','2015-02-05','Chakalaka Can',3,10.00),('Thursday','2015-02-05','Gold Dish Vegetable Curry Can',6,9.00),('Thursday','2015-02-05','Fanta 500ml',3,6.50),('Thursday','2015-02-05','Coke 500ml',9,6.50),('Thursday','2015-02-05','Cream Soda 500ml',8,7.50),('Thursday','2015-02-05','Iwisa Pap 5kg',2,30.00),('Thursday','2015-02-05','Top Class Soy Mince',1,12.00),('Thursday','2015-02-05','Shampoo 1 litre',0,30.00),('Thursday','2015-02-05','Soap Bar',1,6.00),('Thursday','2015-02-05','Bananas - loose',8,2.00),('Thursday','2015-02-05','Apples - loose',12,2.00),('Thursday','2015-02-05','Mixed Sweets 5s',5,3.00),('Friday','2015-02-06','Milk 1l',6,10.00),('Friday','2015-02-06','Imasi',4,25.00),('Friday','2015-02-06','Bread',7,12.00),('Friday','2015-02-06','Chakalaka Can',5,10.00),('Friday','2015-02-06','Gold Dish Vegetable Curry Can',2,9.00),('Friday','2015-02-06','Fanta 500ml',7,6.50),('Friday','2015-02-06','Coke 500ml',8,6.50),('Friday','2015-02-06','Cream Soda 500ml',3,7.50),('Friday','2015-02-06','Iwisa Pap 5kg',6,30.00),('Friday','2015-02-06','Top Class Soy Mince',8,12.00),('Friday','2015-02-06','Shampoo 1 litre',1,30.00),('Friday','2015-02-06','Soap Bar',3,6.00),('Friday','2015-02-06','Bananas - loose',2,2.00),('Friday','2015-02-06','Apples - loose',0,2.00),('Friday','2015-02-06','Mixed Sweets 5s',5,3.00),('Saturday','2015-02-07','Milk 1l',4,10.00),('Saturday','2015-02-07','Imasi',6,25.00),('Saturday','2015-02-07','Bread',4,12.00),('Saturday','2015-02-07','Chakalaka Can',2,10.00),('Saturday','2015-02-07','Gold Dish Vegetable Curry Can',0,9.00),('Saturday','2015-02-07','Fanta 500ml',3,6.50),('Saturday','2015-02-07','Coke 500ml',7,6.50),('Saturday','2015-02-07','Cream Soda 500ml',0,7.50),('Saturday','2015-02-07','Iwisa Pap 5kg',0,30.00),('Saturday','2015-02-07','Top Class Soy Mince',1,12.00),('Saturday','2015-02-07','Shampoo 1 litre',0,30.00),('Saturday','2015-02-07','Soap Bar',1,6.00),('Saturday','2015-02-07','Bananas - loose',8,2.00),('Saturday','2015-02-07','Apples - loose',3,2.00),('Saturday','2015-02-07','Mixed Sweets 5s',3,3.00),('Sunday','2015-02-08','Milk 1l',0,10.00),('Sunday','2015-02-08','Imasi',2,25.00),('Sunday','2015-02-08','Bread',2,12.00),('Sunday','2015-02-08','Chakalaka Can',1,10.00),('Sunday','2015-02-08','Gold Dish Vegetable Curry Can',0,9.00),('Sunday','2015-02-08','Fanta 500ml',4,6.50),('Sunday','2015-02-08','Coke 500ml',4,6.50),('Sunday','2015-02-08','Cream Soda 500ml',1,7.50),('Sunday','2015-02-08','Iwisa Pap 5kg',1,30.00),('Sunday','2015-02-08','Top Class Soy Mince',2,12.00),('Sunday','2015-02-08','Shampoo 1 litre',0,30.00),('Sunday','2015-02-08','Soap Bar',1,6.00),('Sunday','2015-02-08','Bananas - loose',5,2.00),('Sunday','2015-02-08','Apples - loose',2,2.00),('Sunday','2015-02-08','Mixed Sweets 5s',9,3.00),('Monday','2015-02-09','Milk 1l',3,10.00),('Monday','2015-02-09','Imasi',6,25.00),('Monday','2015-02-09','Bread',7,12.00),('Monday','2015-02-09','Chakalaka Can',5,10.00),('Monday','2015-02-09','Gold Dish Vegetable Curry Can',6,9.00),('Monday','2015-02-09','Fanta 500ml',3,6.50),('Monday','2015-02-09','Coke 500ml',8,6.50),('Monday','2015-02-09','Cream Soda 500ml',5,7.50),('Monday','2015-02-09','Iwisa Pap 5kg',2,30.00),('Monday','2015-02-09','Top Class Soy Mince',1,12.00),('Monday','2015-02-09','Shampoo 1 litre',0,30.00),('Monday','2015-02-09','Soap Bar',0,6.00),('Monday','2015-02-09','Bananas - loose',5,2.00),('Monday','2015-02-09','Apples - loose',0,2.00),('Monday','2015-02-09','Mixed Sweets 5s',3,3.00),('Tuesday','2015-02-10','Milk 1l',5,10.00),('Tuesday','2015-02-10','Imasi',4,25.00),('Tuesday','2015-02-10','Bread',2,12.00),('Tuesday','2015-02-10','Chakalaka Can',0,10.00),('Tuesday','2015-02-10','Gold Dish Vegetable Curry Can',0,9.00),('Tuesday','2015-02-10','Fanta 500ml',1,6.50),('Tuesday','2015-02-10','Coke 500ml',3,6.50),('Tuesday','2015-02-10','Cream Soda 500ml',2,7.50),('Tuesday','2015-02-10','Iwisa Pap 5kg',1,30.00),('Tuesday','2015-02-10','Top Class Soy Mince',3,12.00),('Tuesday','2015-02-10','Shampoo 1 litre',1,30.00),('Tuesday','2015-02-10','Soap Bar',0,6.00),('Tuesday','2015-02-10','Bananas - loose',3,2.00),('Tuesday','2015-02-10','Apples - loose',2,2.00),('Tuesday','2015-02-10','Mixed Sweets 5s',7,2.00),('Tuesday','2015-02-10','Heart Chocolates',3,35.00),('Tuesday','2015-02-10','Rose (plastic)',1,15.00),('Wednesday','2015-02-11','Milk 1l',5,10.00),('Wednesday','2015-02-11','Imasi',4,25.00),('Wednesday','2015-02-11','Bread',3,12.00),('Wednesday','2015-02-11','Chakalaka Can',2,10.00),('Wednesday','2015-02-11','Gold Dish Vegetable Curry Can',1,9.00),('Wednesday','2015-02-11','Fanta 500ml',2,6.50),('Wednesday','2015-02-11','Coke 500ml',3,6.50),('Wednesday','2015-02-11','Cream Soda 500ml',1,7.50),('Wednesday','2015-02-11','Iwisa Pap 5kg',0,30.00),('Wednesday','2015-02-11','Top Class Soy Mince',2,12.00),('Wednesday','2015-02-11','Shampoo 1 litre',1,30.00),('Wednesday','2015-02-11','Soap Bar',0,6.00),('Wednesday','2015-02-11','Bananas - loose',4,2.00),('Wednesday','2015-02-11','Apples - loose',3,2.00),('Wednesday','2015-02-11','Mixed Sweets 5s',8,2.00),('Wednesday','2015-02-11','Heart Chocolates',5,35.00),('Wednesday','2015-02-11','Rose (plastic)',3,15.00),('Thursday','2015-02-12','Milk 1l',3,10.00),('Thursday','2015-02-12','Imasi',9,25.00),('Thursday','2015-02-12','Bread',2,12.00),('Thursday','2015-02-12','Chakalaka Can',3,10.00),('Thursday','2015-02-12','Gold Dish Vegetable Curry Can',1,9.00),('Thursday','2015-02-12','Fanta 500ml',0,6.50),('Thursday','2015-02-12','Coke 500ml',2,6.50),('Thursday','2015-02-12','Cream Soda 500ml',1,7.50),('Thursday','2015-02-12','Iwisa Pap 5kg',0,30.00),('Thursday','2015-02-12','Top Class Soy Mince',2,12.00),('Thursday','2015-02-12','Shampoo 1 litre',0,30.00),('Thursday','2015-02-12','Soap Bar',2,6.00),('Thursday','2015-02-12','Bananas - loose',2,2.00),('Thursday','2015-02-12','Apples - loose',3,2.00),('Thursday','2015-02-12','Mixed Sweets 5s',3,3.00),('Thursday','2015-02-12','Heart Chocolates',2,35.00),('Thursday','2015-02-12','Valentine Cards',6,4.00),('Thursday','2015-02-12','Rose (plastic)',2,15.00),('Friday','2015-02-13','Milk 1l',6,10.00),('Friday','2015-02-13','Imasi',6,25.00),('Friday','2015-02-13','Bread',5,12.00),('Friday','2015-02-13','Chakalaka Can',7,10.00),('Friday','2015-02-13','Gold Dish Vegetable Curry Can',15,9.00),('Friday','2015-02-13','Fanta 500ml',6,6.50),('Friday','2015-02-13','Coke 500ml',8,6.50),('Friday','2015-02-13','Cream Soda 500ml',4,7.50),('Friday','2015-02-13','Iwisa Pap 5kg',3,30.00),('Friday','2015-02-13','Top Class Soy Mince',4,12.00),('Friday','2015-02-13','Shampoo 1 litre',4,30.00),('Friday','2015-02-13','Soap Bar',2,6.00),('Friday','2015-02-13','Bananas - loose',4,2.00),('Friday','2015-02-13','Apples - loose',2,2.00),('Friday','2015-02-13','Mixed Sweets 5s',6,3.00),('Friday','2015-02-13','Heart Chocolates',10,35.00),('Friday','2015-02-13','Valentine Cards',5,4.00),('Friday','2015-02-13','Rose (plastic)',7,15.00),('Saturday','2015-02-14','Milk 1l',6,10.00),('Saturday','2015-02-14','Imasi',5,25.00),('Saturday','2015-02-14','Bread',7,12.00),('Saturday','2015-02-14','Chakalaka Can',3,10.00),('Saturday','2015-02-14','Gold Dish Vegetable Curry Can',4,9.00),('Saturday','2015-02-14','Fanta 500ml',7,6.50),('Saturday','2015-02-14','Coke 500ml',14,6.50),('Saturday','2015-02-14','Cream Soda 500ml',8,7.50),('Saturday','2015-02-14','Iwisa Pap 5kg',3,30.00),('Saturday','2015-02-14','Top Class Soy Mince',7,12.00),('Saturday','2015-02-14','Shampoo 1 litre',0,30.00),('Saturday','2015-02-14','Soap Bar',0,6.00),('Saturday','2015-02-14','Bananas - loose',5,2.00),('Saturday','2015-02-14','Apples - loose',9,2.00),('Saturday','2015-02-14','Mixed Sweets 5s',18,3.00),('Saturday','2015-02-14','Heart Chocolates',0,35.00),('Saturday','2015-02-14','Valentine Cards',3,4.00),('Saturday','2015-02-14','Rose (plastic)',1,15.00),('Sunday','2015-02-15','Milk 1l',2,10.00),('Sunday','2015-02-15','Imasi',2,25.00),('Sunday','2015-02-15','Bread',1,12.00),('Sunday','2015-02-15','Chakalaka Can',3,10.00),('Sunday','2015-02-15','Gold Dish Vegetable Curry Can',0,9.00),('Sunday','2015-02-15','Fanta 500ml',5,6.50),('Sunday','2015-02-15','Coke 500ml',4,6.50),('Sunday','2015-02-15','Cream Soda 500ml',2,7.50),('Sunday','2015-02-15','Iwisa Pap 5kg',0,30.00),('Sunday','2015-02-15','Top Class Soy Mince',1,12.00),('Sunday','2015-02-15','Shampoo 1 litre',0,30.00),('Sunday','2015-02-15','Soap Bar',1,6.00),('Sunday','2015-02-15','Bananas - loose',1,2.00),('Sunday','2015-02-15','Apples - loose',1,2.00),('Sunday','2015-02-15','Mixed Sweets 5s',3,3.00),('Monday','2015-02-16','Milk 1l',7,10.00),('Monday','2015-02-16','Imasi',6,25.00),('Monday','2015-02-16','Bread',4,12.00),('Monday','2015-02-16','Chakalaka Can',3,10.00),('Monday','2015-02-16','Gold Dish Vegetable Curry Can',2,9.00),('Monday','2015-02-16','Fanta 500ml',2,6.50),('Monday','2015-02-16','Coke 500ml',1,6.50),('Monday','2015-02-16','Cream Soda 500ml',2,7.50),('Monday','2015-02-16','Iwisa Pap 5kg',2,30.00),('Monday','2015-02-16','Top Class Soy Mince',1,12.00),('Monday','2015-02-16','Shampoo 1 litre',0,30.00),('Monday','2015-02-16','Soap Bar',2,6.00),('Monday','2015-02-16','Bananas - loose',2,2.00),('Monday','2015-02-16','Apples - loose',3,2.00),('Monday','2015-02-16','Mixed Sweets 5s',5,3.00),('Tuesday','2015-02-17','Milk 1l',8,10.00),('Tuesday','2015-02-17','Imasi',6,25.00),('Tuesday','2015-02-17','Bread',3,12.00),('Tuesday','2015-02-17','Chakalaka Can',0,10.00),('Tuesday','2015-02-17','Gold Dish Vegetable Curry Can',0,9.00),('Tuesday','2015-02-17','Fanta 500ml',0,6.50),('Tuesday','2015-02-17','Coke 500ml',2,6.50),('Tuesday','2015-02-17','Cream Soda 500ml',0,7.50),('Tuesday','2015-02-17','Iwisa Pap 5kg',1,30.00),('Tuesday','2015-02-17','Top Class Soy Mince',2,12.00),('Tuesday','2015-02-17','Shampoo 1 litre',0,30.00),('Tuesday','2015-02-17','Soap Bar',1,6.00),('Tuesday','2015-02-17','Bananas - loose',2,2.00),('Tuesday','2015-02-17','Apples - loose',6,2.00),('Tuesday','2015-02-17','Mixed Sweets 5s',5,2.00),('Wednesday','2015-02-18','Milk 1l',3,10.00),('Wednesday','2015-02-18','Imasi',5,25.00),('Wednesday','2015-02-18','Bread',5,12.00),('Wednesday','2015-02-18','Chakalaka Can',1,10.00),('Wednesday','2015-02-18','Gold Dish Vegetable Curry Can',0,9.00),('Wednesday','2015-02-18','Fanta 500ml',0,6.50),('Wednesday','2015-02-18','Coke 500ml',3,6.50),('Wednesday','2015-02-18','Cream Soda 500ml',2,7.50),('Wednesday','2015-02-18','Iwisa Pap 5kg',1,30.00),('Wednesday','2015-02-18','Top Class Soy Mince',1,12.00),('Wednesday','2015-02-18','Shampoo 1 litre',1,30.00),('Wednesday','2015-02-18','Soap Bar',1,6.00),('Wednesday','2015-02-18','Bananas - loose',1,2.00),('Wednesday','2015-02-18','Apples - loose',3,2.00),('Wednesday','2015-02-18','Mixed Sweets 5s',2,2.00),('Thursday','2015-02-19','Milk 1l',5,10.00),('Thursday','2015-02-19','Imasi',3,25.00),('Thursday','2015-02-19','Bread',5,12.00),('Thursday','2015-02-19','Chakalaka Can',2,10.00),('Thursday','2015-02-19','Gold Dish Vegetable Curry Can',1,9.00),('Thursday','2015-02-19','Fanta 500ml',1,6.50),('Thursday','2015-02-19','Coke 500ml',1,6.50),('Thursday','2015-02-19','Cream Soda 500ml',0,7.50),('Thursday','2015-02-19','Iwisa Pap 5kg',0,30.00),('Thursday','2015-02-19','Top Class Soy Mince',2,12.00),('Thursday','2015-02-19','Shampoo 1 litre',2,30.00),('Thursday','2015-02-19','Soap Bar',0,6.00),('Thursday','2015-02-19','Bananas - loose',3,2.00),('Thursday','2015-02-19','Apples - loose',5,2.00),('Thursday','2015-02-19','Mixed Sweets 5s',4,3.00),('Friday','2015-02-20','Milk 1l',4,10.00),('Friday','2015-02-20','Imasi',2,25.00),('Friday','2015-02-20','Bread',3,12.00),('Friday','2015-02-20','Chakalaka Can',5,10.00),('Friday','2015-02-20','Gold Dish Vegetable Curry Can',3,9.00),('Friday','2015-02-20','Fanta 500ml',3,6.50),('Friday','2015-02-20','Coke 500ml',5,6.50),('Friday','2015-02-20','Cream Soda 500ml',6,7.50),('Friday','2015-02-20','Iwisa Pap 5kg',0,30.00),('Friday','2015-02-20','Top Class Soy Mince',3,12.00),('Friday','2015-02-20','Shampoo 1 litre',1,30.00),('Friday','2015-02-20','Soap Bar',3,6.00),('Friday','2015-02-20','Bananas - loose',6,2.00),('Friday','2015-02-20','Apples - loose',4,2.00),('Friday','2015-02-20','Mixed Sweets 5s',8,3.00),('Saturday','2015-02-21','Milk 1l',1,10.00),('Saturday','2015-02-21','Imasi',1,25.00),('Saturday','2015-02-21','Bread',3,12.00),('Saturday','2015-02-21','Chakalaka Can',3,10.00),('Saturday','2015-02-21','Gold Dish Vegetable Curry Can',2,9.00),('Saturday','2015-02-21','Fanta 500ml',3,6.50),('Saturday','2015-02-21','Coke 500ml',2,6.50),('Saturday','2015-02-21','Cream Soda 500ml',0,7.50),('Saturday','2015-02-21','Iwisa Pap 5kg',0,30.00),('Saturday','2015-02-21','Top Class Soy Mince',2,12.00),('Saturday','2015-02-21','Shampoo 1 litre',0,30.00),('Saturday','2015-02-21','Soap Bar',0,6.00),('Saturday','2015-02-21','Bananas - loose',2,2.00),('Saturday','2015-02-21','Apples - loose',3,2.00),('Saturday','2015-02-21','Mixed Sweets 5s',2,3.00),('Sunday','2015-02-22','Milk 1l',2,10.00),('Sunday','2015-02-22','Imasi',2,25.00),('Sunday','2015-02-22','Bread',3,12.00),('Sunday','2015-02-22','Chakalaka Can',0,10.00),('Sunday','2015-02-22','Gold Dish Vegetable Curry Can',1,9.00),('Sunday','2015-02-22','Fanta 500ml',2,6.50),('Sunday','2015-02-22','Coke 500ml',0,6.50),('Sunday','2015-02-22','Cream Soda 500ml',0,7.50),('Sunday','2015-02-22','Iwisa Pap 5kg',0,30.00),('Sunday','2015-02-22','Top Class Soy Mince',0,12.00),('Sunday','2015-02-22','Shampoo 1 litre',0,30.00),('Sunday','2015-02-22','Soap Bar',1,6.00),('Sunday','2015-02-22','Bananas - loose',0,2.00),('Sunday','2015-02-22','Apples - loose',1,2.00),('Sunday','2015-02-22','Mixed Sweets 5s',3,3.00),('Monday','2015-02-23','Milk 1l',8,10.00),('Monday','2015-02-23','Imasi',6,25.00),('Monday','2015-02-23','Bread',2,12.00),('Monday','2015-02-23','Chakalaka Can',2,10.00),('Monday','2015-02-23','Gold Dish Vegetable Curry Can',1,9.00),('Monday','2015-02-23','Fanta 500ml',1,6.50),('Monday','2015-02-23','Coke 500ml',3,6.50),('Monday','2015-02-23','Cream Soda 500ml',0,7.50),('Monday','2015-02-23','Iwisa Pap 5kg',2,30.00),('Monday','2015-02-23','Top Class Soy Mince',1,12.00),('Monday','2015-02-23','Shampoo 1 litre',0,30.00),('Monday','2015-02-23','Soap Bar',0,6.00),('Monday','2015-02-23','Bananas - loose',2,2.00),('Monday','2015-02-23','Apples - loose',1,2.00),('Monday','2015-02-23','Mixed Sweets 5s',3,3.00),('Tuesday','2015-02-24','Milk 1l',4,10.00),('Tuesday','2015-02-24','Imasi',2,25.00),('Tuesday','2015-02-24','Bread',6,12.00),('Tuesday','2015-02-24','Chakalaka Can',1,10.00),('Tuesday','2015-02-24','Gold Dish Vegetable Curry Can',2,9.00),('Tuesday','2015-02-24','Fanta 500ml',1,6.50),('Tuesday','2015-02-24','Coke 500ml',2,6.50),('Tuesday','2015-02-24','Cream Soda 500ml',1,7.50),('Tuesday','2015-02-24','Iwisa Pap 5kg',1,30.00),('Tuesday','2015-02-24','Top Class Soy Mince',2,12.00),('Tuesday','2015-02-24','Shampoo 1 litre',0,30.00),('Tuesday','2015-02-24','Soap Bar',1,6.00),('Tuesday','2015-02-24','Bananas - loose',5,2.00),('Tuesday','2015-02-24','Apples - loose',3,2.00),('Tuesday','2015-02-24','Mixed Sweets 5s',7,2.00),('Wednesday','2015-02-25','Milk 1l',8,10.00),('Wednesday','2015-02-25','Imasi',6,25.00),('Wednesday','2015-02-25','Bread',7,12.00),('Wednesday','2015-02-25','Chakalaka Can',5,10.00),('Wednesday','2015-02-25','Gold Dish Vegetable Curry Can',4,9.00),('Wednesday','2015-02-25','Fanta 500ml',6,6.50),('Wednesday','2015-02-25','Coke 500ml',8,6.50),('Wednesday','2015-02-25','Cream Soda 500ml',5,7.50),('Wednesday','2015-02-25','Iwisa Pap 5kg',3,30.00),('Wednesday','2015-02-25','Top Class Soy Mince',7,12.00),('Wednesday','2015-02-25','Shampoo 1 litre',1,30.00),('Wednesday','2015-02-25','Soap Bar',4,6.00),('Wednesday','2015-02-25','Bananas - loose',2,2.00),('Wednesday','2015-02-25','Apples - loose',8,2.00),('Wednesday','2015-02-25','Mixed Sweets 5s',5,2.00),('Thursday','2015-02-26','Milk 1l',8,10.00),('Thursday','2015-02-26','Imasi',8,25.00),('Thursday','2015-02-26','Bread',5,12.00),('Thursday','2015-02-26','Chakalaka Can',3,10.00),('Thursday','2015-02-26','Gold Dish Vegetable Curry Can',7,9.00),('Thursday','2015-02-26','Fanta 500ml',3,6.50),('Thursday','2015-02-26','Coke 500ml',7,6.50),('Thursday','2015-02-26','Cream Soda 500ml',4,7.50),('Thursday','2015-02-26','Iwisa Pap 5kg',3,30.00),('Thursday','2015-02-26','Top Class Soy Mince',8,12.00),('Thursday','2015-02-26','Shampoo 1 litre',0,30.00),('Thursday','2015-02-26','Soap Bar',3,6.00),('Thursday','2015-02-26','Bananas - loose',2,2.00),('Thursday','2015-02-26','Apples - loose',3,2.00),('Thursday','2015-02-26','Mixed Sweets 5s',1,3.00),('Friday','2015-02-27','Milk 1l',8,10.00),('Friday','2015-02-27','Imasi',5,25.00),('Friday','2015-02-27','Bread',3,12.00),('Friday','2015-02-27','Chakalaka Can',12,10.00),('Friday','2015-02-27','Gold Dish Vegetable Curry Can',9,9.00),('Friday','2015-02-27','Fanta 500ml',6,6.50),('Friday','2015-02-27','Coke 500ml',18,6.50),('Friday','2015-02-27','Cream Soda 500ml',3,7.50),('Friday','2015-02-27','Iwisa Pap 5kg',4,30.00),('Friday','2015-02-27','Top Class Soy Mince',12,12.00),('Friday','2015-02-27','Shampoo 1 litre',5,30.00),('Friday','2015-02-27','Soap Bar',3,6.00),('Friday','2015-02-27','Bananas - loose',1,2.00),('Friday','2015-02-27','Apples - loose',3,2.00),('Friday','2015-02-27','Mixed Sweets 5s',1,3.00),('Saturday','2015-02-28','Milk 1l',3,10.00),('Saturday','2015-02-28','Imasi',2,25.00),('Saturday','2015-02-28','Bread',4,12.00),('Saturday','2015-02-28','Chakalaka Can',5,10.00),('Saturday','2015-02-28','Gold Dish Vegetable Curry Can',6,9.00),('Saturday','2015-02-28','Fanta 500ml',3,6.50),('Saturday','2015-02-28','Coke 500ml',4,6.50),('Saturday','2015-02-28','Cream Soda 500ml',6,7.50),('Saturday','2015-02-28','Iwisa Pap 5kg',2,30.00),('Saturday','2015-02-28','Top Class Soy Mince',9,12.00),('Saturday','2015-02-28','Shampoo 1 litre',4,30.00),('Saturday','2015-02-28','Soap Bar',7,6.00),('Saturday','2015-02-28','Bananas - loose',6,2.00),('Saturday','2015-02-28','Apples - loose',8,2.00),('Saturday','2015-02-28','Mixed Sweets 5s',8,3.00),('Sunday','2015-01-03','Milk 1l',4,10.00),('Sunday','2015-01-03','Imasi',3,25.00),('Sunday','2015-01-03','Bread',3,12.00),('Sunday','2015-01-03','Chakalaka Can',5,10.00),('Sunday','2015-01-03','Gold Dish Vegetable Curry Can',4,9.00),('Sunday','2015-01-03','Fanta 500ml',2,6.50),('Sunday','2015-01-03','Coke 500ml',3,6.50),('Sunday','2015-01-03','Cream Soda 500ml',0,7.50),('Sunday','2015-01-03','Iwisa Pap 5kg',1,30.00),('Sunday','2015-01-03','Top Class Soy Mince',4,12.00),('Sunday','2015-01-03','Shampoo 1 litre',3,30.00),('Sunday','2015-01-03','Soap Bar',6,6.00),('Sunday','2015-01-03','Bananas - loose',4,2.00),('Sunday','2015-01-03','Apples - loose',5,2.00),('Sunday','2015-01-03','Mixed Sweets 5s',12,3.00);
/*!40000 ALTER TABLE `purchase_table` ENABLE KEYS */;
UNLOCK TABLES;

--
-- Table structure for table `purchases`
--

DROP TABLE IF EXISTS `purchases`;
/*!40101 SET @saved_cs_client     = @@character_set_client */;
/*!40101 SET character_set_client = utf8 */;
CREATE TABLE `purchases` (
  `purchase_id` int(11) NOT NULL,
  `product_id` int(11) NOT NULL,
  `supplier_id` int(11) NOT NULL,
  `purchase_quantity` int(11) NOT NULL,
  `purchase_date` date DEFAULT NULL,
  PRIMARY KEY (`purchase_id`),
  KEY `purchases_product_fk_idx` (`product_id`),
  CONSTRAINT `purchases_product_fk` FOREIGN KEY (`product_id`) REFERENCES `products` (`product_id`) ON DELETE NO ACTION ON UPDATE NO ACTION
) ENGINE=InnoDB DEFAULT CHARSET=latin1;
/*!40101 SET character_set_client = @saved_cs_client */;

--
-- Dumping data for table `purchases`
--

LOCK TABLES `purchases` WRITE;
/*!40000 ALTER TABLE `purchases` DISABLE KEYS */;
/*!40000 ALTER TABLE `purchases` ENABLE KEYS */;
UNLOCK TABLES;

--
-- Table structure for table `sales`
--

DROP TABLE IF EXISTS `sales`;
/*!40101 SET @saved_cs_client     = @@character_set_client */;
/*!40101 SET character_set_client = utf8 */;
CREATE TABLE `sales` (
  `sale_id` int(11) NOT NULL AUTO_INCREMENT,
  `on_date` date NOT NULL,
  `day` varchar(20) NOT NULL,
  `quantity` int(11) NOT NULL,
  `product_id` int(11) NOT NULL,
  `sale_price` decimal(19,4) NOT NULL,
  PRIMARY KEY (`sale_id`),
  KEY `product_id_idx` (`product_id`),
  CONSTRAINT `product_sales_fk` FOREIGN KEY (`product_id`) REFERENCES `products` (`product_id`) ON DELETE NO ACTION ON UPDATE NO ACTION
) ENGINE=InnoDB AUTO_INCREMENT=512 DEFAULT CHARSET=latin1;
/*!40101 SET character_set_client = @saved_cs_client */;

--
-- Dumping data for table `sales`
--

LOCK TABLES `sales` WRITE;
/*!40000 ALTER TABLE `sales` DISABLE KEYS */;
INSERT INTO `sales` VALUES (1,'2015-02-01','Sunday',3,8,10.0000),(2,'2015-02-01','Sunday',1,6,25.0000),(3,'2015-02-01','Sunday',2,15,12.0000),(4,'2015-02-01','Sunday',3,1,10.0000),(5,'2015-02-01','Sunday',2,5,9.0000),(6,'2015-02-01','Sunday',3,4,6.5000),(7,'2015-02-01','Sunday',2,2,6.5000),(8,'2015-02-01','Sunday',2,3,7.5000),(9,'2015-02-01','Sunday',0,7,30.0000),(10,'2015-02-01','Sunday',2,9,12.0000),(11,'2015-02-01','Sunday',1,13,30.0000),(12,'2015-02-01','Sunday',0,14,6.0000),(13,'2015-02-01','Sunday',3,10,2.0000),(14,'2015-02-01','Sunday',5,11,2.0000),(15,'2015-02-01','Sunday',9,12,3.0000),(16,'2015-02-02','Monday',4,8,10.0000),(17,'2015-02-02','Monday',4,6,25.0000),(18,'2015-02-02','Monday',5,15,12.0000),(19,'2015-02-02','Monday',4,1,10.0000),(20,'2015-02-02','Monday',5,5,9.0000),(21,'2015-02-02','Monday',5,4,6.5000),(22,'2015-02-02','Monday',8,2,6.5000),(23,'2015-02-02','Monday',4,3,7.5000),(24,'2015-02-02','Monday',5,7,30.0000),(25,'2015-02-02','Monday',3,9,12.0000),(26,'2015-02-02','Monday',0,13,30.0000),(27,'2015-02-02','Monday',2,14,6.0000),(28,'2015-02-02','Monday',0,10,2.0000),(29,'2015-02-02','Monday',0,11,2.0000),(30,'2015-02-02','Monday',0,12,3.0000),(31,'2015-02-03','Tuesday',7,8,10.0000),(32,'2015-02-03','Tuesday',4,6,25.0000),(33,'2015-02-03','Tuesday',7,15,12.0000),(34,'2015-02-03','Tuesday',4,1,10.0000),(35,'2015-02-03','Tuesday',2,5,9.0000),(36,'2015-02-03','Tuesday',5,4,6.5000),(37,'2015-02-03','Tuesday',8,2,6.5000),(38,'2015-02-03','Tuesday',3,3,7.5000),(39,'2015-02-03','Tuesday',3,7,30.0000),(40,'2015-02-03','Tuesday',3,9,12.0000),(41,'2015-02-03','Tuesday',0,13,30.0000),(42,'2015-02-03','Tuesday',2,14,6.0000),(43,'2015-02-03','Tuesday',10,10,2.0000),(44,'2015-02-03','Tuesday',8,11,2.0000),(45,'2015-02-03','Tuesday',15,12,2.0000),(46,'2015-02-04','Wednesday',5,8,10.0000),(47,'2015-02-04','Wednesday',8,6,25.0000),(48,'2015-02-04','Wednesday',8,15,12.0000),(49,'2015-02-04','Wednesday',2,1,10.0000),(50,'2015-02-04','Wednesday',0,5,9.0000),(51,'2015-02-04','Wednesday',7,4,6.5000),(52,'2015-02-04','Wednesday',12,2,6.5000),(53,'2015-02-04','Wednesday',2,3,7.5000),(54,'2015-02-04','Wednesday',1,7,30.0000),(55,'2015-02-04','Wednesday',4,9,12.0000),(56,'2015-02-04','Wednesday',1,13,30.0000),(57,'2015-02-04','Wednesday',3,14,6.0000),(58,'2015-02-04','Wednesday',16,10,2.0000),(59,'2015-02-04','Wednesday',8,11,2.0000),(60,'2015-02-04','Wednesday',12,12,2.0000),(61,'2015-02-05','Thursday',10,8,10.0000),(62,'2015-02-05','Thursday',3,6,25.0000),(63,'2015-02-05','Thursday',12,15,12.0000),(64,'2015-02-05','Thursday',3,1,10.0000),(65,'2015-02-05','Thursday',6,5,9.0000),(66,'2015-02-05','Thursday',3,4,6.5000),(67,'2015-02-05','Thursday',9,2,6.5000),(68,'2015-02-05','Thursday',8,3,7.5000),(69,'2015-02-05','Thursday',2,7,30.0000),(70,'2015-02-05','Thursday',1,9,12.0000),(71,'2015-02-05','Thursday',0,13,30.0000),(72,'2015-02-05','Thursday',1,14,6.0000),(73,'2015-02-05','Thursday',8,10,2.0000),(74,'2015-02-05','Thursday',12,11,2.0000),(75,'2015-02-05','Thursday',5,12,3.0000),(76,'2015-02-06','Friday',6,8,10.0000),(77,'2015-02-06','Friday',4,6,25.0000),(78,'2015-02-06','Friday',7,15,12.0000),(79,'2015-02-06','Friday',5,1,10.0000),(80,'2015-02-06','Friday',2,5,9.0000),(81,'2015-02-06','Friday',7,4,6.5000),(82,'2015-02-06','Friday',8,2,6.5000),(83,'2015-02-06','Friday',3,3,7.5000),(84,'2015-02-06','Friday',6,7,30.0000),(85,'2015-02-06','Friday',8,9,12.0000),(86,'2015-02-06','Friday',1,13,30.0000),(87,'2015-02-06','Friday',3,14,6.0000),(88,'2015-02-06','Friday',2,10,2.0000),(89,'2015-02-06','Friday',0,11,2.0000),(90,'2015-02-06','Friday',5,12,3.0000),(91,'2015-02-07','Saturday',4,8,10.0000),(92,'2015-02-07','Saturday',6,6,25.0000),(93,'2015-02-07','Saturday',4,15,12.0000),(94,'2015-02-07','Saturday',2,1,10.0000),(95,'2015-02-07','Saturday',0,5,9.0000),(96,'2015-02-07','Saturday',3,4,6.5000),(97,'2015-02-07','Saturday',7,2,6.5000),(98,'2015-02-07','Saturday',0,3,7.5000),(99,'2015-02-07','Saturday',0,7,30.0000),(100,'2015-02-07','Saturday',1,9,12.0000),(101,'2015-02-07','Saturday',0,13,30.0000),(102,'2015-02-07','Saturday',1,14,6.0000),(103,'2015-02-07','Saturday',8,10,2.0000),(104,'2015-02-07','Saturday',3,11,2.0000),(105,'2015-02-07','Saturday',3,12,3.0000),(106,'2015-02-08','Sunday',0,8,10.0000),(107,'2015-02-08','Sunday',2,6,25.0000),(108,'2015-02-08','Sunday',2,15,12.0000),(109,'2015-02-08','Sunday',1,1,10.0000),(110,'2015-02-08','Sunday',0,5,9.0000),(111,'2015-02-08','Sunday',4,4,6.5000),(112,'2015-02-08','Sunday',4,2,6.5000),(113,'2015-02-08','Sunday',1,3,7.5000),(114,'2015-02-08','Sunday',1,7,30.0000),(115,'2015-02-08','Sunday',2,9,12.0000),(116,'2015-02-08','Sunday',0,13,30.0000),(117,'2015-02-08','Sunday',1,14,6.0000),(118,'2015-02-08','Sunday',5,10,2.0000),(119,'2015-02-08','Sunday',2,11,2.0000),(120,'2015-02-08','Sunday',9,12,3.0000),(121,'2015-02-09','Monday',3,8,10.0000),(122,'2015-02-09','Monday',6,6,25.0000),(123,'2015-02-09','Monday',7,15,12.0000),(124,'2015-02-09','Monday',5,1,10.0000),(125,'2015-02-09','Monday',6,5,9.0000),(126,'2015-02-09','Monday',3,4,6.5000),(127,'2015-02-09','Monday',8,2,6.5000),(128,'2015-02-09','Monday',5,3,7.5000),(129,'2015-02-09','Monday',2,7,30.0000),(130,'2015-02-09','Monday',1,9,12.0000),(131,'2015-02-09','Monday',0,13,30.0000),(132,'2015-02-09','Monday',0,14,6.0000),(133,'2015-02-09','Monday',5,10,2.0000),(134,'2015-02-09','Monday',0,11,2.0000),(135,'2015-02-09','Monday',3,12,3.0000),(136,'2015-02-10','Tuesday',5,8,10.0000),(137,'2015-02-10','Tuesday',4,6,25.0000),(138,'2015-02-10','Tuesday',2,15,12.0000),(139,'2015-02-10','Tuesday',0,1,10.0000),(140,'2015-02-10','Tuesday',0,5,9.0000),(141,'2015-02-10','Tuesday',1,4,6.5000),(142,'2015-02-10','Tuesday',3,2,6.5000),(143,'2015-02-10','Tuesday',2,3,7.5000),(144,'2015-02-10','Tuesday',1,7,30.0000),(145,'2015-02-10','Tuesday',3,9,12.0000),(146,'2015-02-10','Tuesday',1,13,30.0000),(147,'2015-02-10','Tuesday',0,14,6.0000),(148,'2015-02-10','Tuesday',3,10,2.0000),(149,'2015-02-10','Tuesday',2,11,2.0000),(150,'2015-02-10','Tuesday',7,12,2.0000),(151,'2015-02-10','Tuesday',3,17,35.0000),(152,'2015-02-10','Tuesday',1,16,15.0000),(153,'2015-02-11','Wednesday',5,8,10.0000),(154,'2015-02-11','Wednesday',4,6,25.0000),(155,'2015-02-11','Wednesday',3,15,12.0000),(156,'2015-02-11','Wednesday',2,1,10.0000),(157,'2015-02-11','Wednesday',1,5,9.0000),(158,'2015-02-11','Wednesday',2,4,6.5000),(159,'2015-02-11','Wednesday',3,2,6.5000),(160,'2015-02-11','Wednesday',1,3,7.5000),(161,'2015-02-11','Wednesday',0,7,30.0000),(162,'2015-02-11','Wednesday',2,9,12.0000),(163,'2015-02-11','Wednesday',1,13,30.0000),(164,'2015-02-11','Wednesday',0,14,6.0000),(165,'2015-02-11','Wednesday',4,10,2.0000),(166,'2015-02-11','Wednesday',3,11,2.0000),(167,'2015-02-11','Wednesday',8,12,2.0000),(168,'2015-02-11','Wednesday',5,17,35.0000),(169,'2015-02-11','Wednesday',3,16,15.0000),(170,'2015-02-12','Thursday',3,8,10.0000),(171,'2015-02-12','Thursday',9,6,25.0000),(172,'2015-02-12','Thursday',2,15,12.0000),(173,'2015-02-12','Thursday',3,1,10.0000),(174,'2015-02-12','Thursday',1,5,9.0000),(175,'2015-02-12','Thursday',0,4,6.5000),(176,'2015-02-12','Thursday',2,2,6.5000),(177,'2015-02-12','Thursday',1,3,7.5000),(178,'2015-02-12','Thursday',0,7,30.0000),(179,'2015-02-12','Thursday',2,9,12.0000),(180,'2015-02-12','Thursday',0,13,30.0000),(181,'2015-02-12','Thursday',2,14,6.0000),(182,'2015-02-12','Thursday',2,10,2.0000),(183,'2015-02-12','Thursday',3,11,2.0000),(184,'2015-02-12','Thursday',3,12,3.0000),(185,'2015-02-12','Thursday',2,17,35.0000),(186,'2015-02-12','Thursday',6,18,4.0000),(187,'2015-02-12','Thursday',2,16,15.0000),(188,'2015-02-13','Friday',6,8,10.0000),(189,'2015-02-13','Friday',6,6,25.0000),(190,'2015-02-13','Friday',5,15,12.0000),(191,'2015-02-13','Friday',7,1,10.0000),(192,'2015-02-13','Friday',15,5,9.0000),(193,'2015-02-13','Friday',6,4,6.5000),(194,'2015-02-13','Friday',8,2,6.5000),(195,'2015-02-13','Friday',4,3,7.5000),(196,'2015-02-13','Friday',3,7,30.0000),(197,'2015-02-13','Friday',4,9,12.0000),(198,'2015-02-13','Friday',4,13,30.0000),(199,'2015-02-13','Friday',2,14,6.0000),(200,'2015-02-13','Friday',4,10,2.0000),(201,'2015-02-13','Friday',2,11,2.0000),(202,'2015-02-13','Friday',6,12,3.0000),(203,'2015-02-13','Friday',10,17,35.0000),(204,'2015-02-13','Friday',5,18,4.0000),(205,'2015-02-13','Friday',7,16,15.0000),(206,'2015-02-14','Saturday',6,8,10.0000),(207,'2015-02-14','Saturday',5,6,25.0000),(208,'2015-02-14','Saturday',7,15,12.0000),(209,'2015-02-14','Saturday',3,1,10.0000),(210,'2015-02-14','Saturday',4,5,9.0000),(211,'2015-02-14','Saturday',7,4,6.5000),(212,'2015-02-14','Saturday',14,2,6.5000),(213,'2015-02-14','Saturday',8,3,7.5000),(214,'2015-02-14','Saturday',3,7,30.0000),(215,'2015-02-14','Saturday',7,9,12.0000),(216,'2015-02-14','Saturday',0,13,30.0000),(217,'2015-02-14','Saturday',0,14,6.0000),(218,'2015-02-14','Saturday',5,10,2.0000),(219,'2015-02-14','Saturday',9,11,2.0000),(220,'2015-02-14','Saturday',18,12,3.0000),(221,'2015-02-14','Saturday',0,17,35.0000),(222,'2015-02-14','Saturday',3,18,4.0000),(223,'2015-02-14','Saturday',1,16,15.0000),(224,'2015-02-15','Sunday',2,8,10.0000),(225,'2015-02-15','Sunday',2,6,25.0000),(226,'2015-02-15','Sunday',1,15,12.0000),(227,'2015-02-15','Sunday',3,1,10.0000),(228,'2015-02-15','Sunday',0,5,9.0000),(229,'2015-02-15','Sunday',5,4,6.5000),(230,'2015-02-15','Sunday',4,2,6.5000),(231,'2015-02-15','Sunday',2,3,7.5000),(232,'2015-02-15','Sunday',0,7,30.0000),(233,'2015-02-15','Sunday',1,9,12.0000),(234,'2015-02-15','Sunday',0,13,30.0000),(235,'2015-02-15','Sunday',1,14,6.0000),(236,'2015-02-15','Sunday',1,10,2.0000),(237,'2015-02-15','Sunday',1,11,2.0000),(238,'2015-02-15','Sunday',3,12,3.0000),(239,'2015-02-16','Monday',7,8,10.0000),(240,'2015-02-16','Monday',6,6,25.0000),(241,'2015-02-16','Monday',4,15,12.0000),(242,'2015-02-16','Monday',3,1,10.0000),(243,'2015-02-16','Monday',2,5,9.0000),(244,'2015-02-16','Monday',2,4,6.5000),(245,'2015-02-16','Monday',1,2,6.5000),(246,'2015-02-16','Monday',2,3,7.5000),(247,'2015-02-16','Monday',2,7,30.0000),(248,'2015-02-16','Monday',1,9,12.0000),(249,'2015-02-16','Monday',0,13,30.0000),(250,'2015-02-16','Monday',2,14,6.0000),(251,'2015-02-16','Monday',2,10,2.0000),(252,'2015-02-16','Monday',3,11,2.0000),(253,'2015-02-16','Monday',5,12,3.0000),(254,'2015-02-17','Tuesday',8,8,10.0000),(255,'2015-02-17','Tuesday',6,6,25.0000),(256,'2015-02-17','Tuesday',3,15,12.0000),(257,'2015-02-17','Tuesday',0,1,10.0000),(258,'2015-02-17','Tuesday',0,5,9.0000),(259,'2015-02-17','Tuesday',0,4,6.5000),(260,'2015-02-17','Tuesday',2,2,6.5000),(261,'2015-02-17','Tuesday',0,3,7.5000),(262,'2015-02-17','Tuesday',1,7,30.0000),(263,'2015-02-17','Tuesday',2,9,12.0000),(264,'2015-02-17','Tuesday',0,13,30.0000),(265,'2015-02-17','Tuesday',1,14,6.0000),(266,'2015-02-17','Tuesday',2,10,2.0000),(267,'2015-02-17','Tuesday',6,11,2.0000),(268,'2015-02-17','Tuesday',5,12,2.0000),(269,'2015-02-18','Wednesday',3,8,10.0000),(270,'2015-02-18','Wednesday',5,6,25.0000),(271,'2015-02-18','Wednesday',5,15,12.0000),(272,'2015-02-18','Wednesday',1,1,10.0000),(273,'2015-02-18','Wednesday',0,5,9.0000),(274,'2015-02-18','Wednesday',0,4,6.5000),(275,'2015-02-18','Wednesday',3,2,6.5000),(276,'2015-02-18','Wednesday',2,3,7.5000),(277,'2015-02-18','Wednesday',1,7,30.0000),(278,'2015-02-18','Wednesday',1,9,12.0000),(279,'2015-02-18','Wednesday',1,13,30.0000),(280,'2015-02-18','Wednesday',1,14,6.0000),(281,'2015-02-18','Wednesday',1,10,2.0000),(282,'2015-02-18','Wednesday',3,11,2.0000),(283,'2015-02-18','Wednesday',2,12,2.0000),(284,'2015-02-19','Thursday',5,8,10.0000),(285,'2015-02-19','Thursday',3,6,25.0000),(286,'2015-02-19','Thursday',5,15,12.0000),(287,'2015-02-19','Thursday',2,1,10.0000),(288,'2015-02-19','Thursday',1,5,9.0000),(289,'2015-02-19','Thursday',1,4,6.5000),(290,'2015-02-19','Thursday',1,2,6.5000),(291,'2015-02-19','Thursday',0,3,7.5000),(292,'2015-02-19','Thursday',0,7,30.0000),(293,'2015-02-19','Thursday',2,9,12.0000),(294,'2015-02-19','Thursday',2,13,30.0000),(295,'2015-02-19','Thursday',0,14,6.0000),(296,'2015-02-19','Thursday',3,10,2.0000),(297,'2015-02-19','Thursday',5,11,2.0000),(298,'2015-02-19','Thursday',4,12,3.0000),(299,'2015-02-20','Friday',4,8,10.0000),(300,'2015-02-20','Friday',2,6,25.0000),(301,'2015-02-20','Friday',3,15,12.0000),(302,'2015-02-20','Friday',5,1,10.0000),(303,'2015-02-20','Friday',3,5,9.0000),(304,'2015-02-20','Friday',3,4,6.5000),(305,'2015-02-20','Friday',5,2,6.5000),(306,'2015-02-20','Friday',6,3,7.5000),(307,'2015-02-20','Friday',0,7,30.0000),(308,'2015-02-20','Friday',3,9,12.0000),(309,'2015-02-20','Friday',1,13,30.0000),(310,'2015-02-20','Friday',3,14,6.0000),(311,'2015-02-20','Friday',6,10,2.0000),(312,'2015-02-20','Friday',4,11,2.0000),(313,'2015-02-20','Friday',8,12,3.0000),(314,'2015-02-21','Saturday',1,8,10.0000),(315,'2015-02-21','Saturday',1,6,25.0000),(316,'2015-02-21','Saturday',3,15,12.0000),(317,'2015-02-21','Saturday',3,1,10.0000),(318,'2015-02-21','Saturday',2,5,9.0000),(319,'2015-02-21','Saturday',3,4,6.5000),(320,'2015-02-21','Saturday',2,2,6.5000),(321,'2015-02-21','Saturday',0,3,7.5000),(322,'2015-02-21','Saturday',0,7,30.0000),(323,'2015-02-21','Saturday',2,9,12.0000),(324,'2015-02-21','Saturday',0,13,30.0000),(325,'2015-02-21','Saturday',0,14,6.0000),(326,'2015-02-21','Saturday',2,10,2.0000),(327,'2015-02-21','Saturday',3,11,2.0000),(328,'2015-02-21','Saturday',2,12,3.0000),(329,'2015-02-22','Sunday',2,8,10.0000),(330,'2015-02-22','Sunday',2,6,25.0000),(331,'2015-02-22','Sunday',3,15,12.0000),(332,'2015-02-22','Sunday',0,1,10.0000),(333,'2015-02-22','Sunday',1,5,9.0000),(334,'2015-02-22','Sunday',2,4,6.5000),(335,'2015-02-22','Sunday',0,2,6.5000),(336,'2015-02-22','Sunday',0,3,7.5000),(337,'2015-02-22','Sunday',0,7,30.0000),(338,'2015-02-22','Sunday',0,9,12.0000),(339,'2015-02-22','Sunday',0,13,30.0000),(340,'2015-02-22','Sunday',1,14,6.0000),(341,'2015-02-22','Sunday',0,10,2.0000),(342,'2015-02-22','Sunday',1,11,2.0000),(343,'2015-02-22','Sunday',3,12,3.0000),(344,'2015-02-23','Monday',8,8,10.0000),(345,'2015-02-23','Monday',6,6,25.0000),(346,'2015-02-23','Monday',2,15,12.0000),(347,'2015-02-23','Monday',2,1,10.0000),(348,'2015-02-23','Monday',1,5,9.0000),(349,'2015-02-23','Monday',1,4,6.5000),(350,'2015-02-23','Monday',3,2,6.5000),(351,'2015-02-23','Monday',0,3,7.5000),(352,'2015-02-23','Monday',2,7,30.0000),(353,'2015-02-23','Monday',1,9,12.0000),(354,'2015-02-23','Monday',0,13,30.0000),(355,'2015-02-23','Monday',0,14,6.0000),(356,'2015-02-23','Monday',2,10,2.0000),(357,'2015-02-23','Monday',1,11,2.0000),(358,'2015-02-23','Monday',3,12,3.0000),(359,'2015-02-24','Tuesday',4,8,10.0000),(360,'2015-02-24','Tuesday',2,6,25.0000),(361,'2015-02-24','Tuesday',6,15,12.0000),(362,'2015-02-24','Tuesday',1,1,10.0000),(363,'2015-02-24','Tuesday',2,5,9.0000),(364,'2015-02-24','Tuesday',1,4,6.5000),(365,'2015-02-24','Tuesday',2,2,6.5000),(366,'2015-02-24','Tuesday',1,3,7.5000),(367,'2015-02-24','Tuesday',1,7,30.0000),(368,'2015-02-24','Tuesday',2,9,12.0000),(369,'2015-02-24','Tuesday',0,13,30.0000),(370,'2015-02-24','Tuesday',1,14,6.0000),(371,'2015-02-24','Tuesday',5,10,2.0000),(372,'2015-02-24','Tuesday',3,11,2.0000),(373,'2015-02-24','Tuesday',7,12,2.0000),(374,'2015-02-25','Wednesday',8,8,10.0000),(375,'2015-02-25','Wednesday',6,6,25.0000),(376,'2015-02-25','Wednesday',7,15,12.0000),(377,'2015-02-25','Wednesday',5,1,10.0000),(378,'2015-02-25','Wednesday',4,5,9.0000),(379,'2015-02-25','Wednesday',6,4,6.5000),(380,'2015-02-25','Wednesday',8,2,6.5000),(381,'2015-02-25','Wednesday',5,3,7.5000),(382,'2015-02-25','Wednesday',3,7,30.0000),(383,'2015-02-25','Wednesday',7,9,12.0000),(384,'2015-02-25','Wednesday',1,13,30.0000),(385,'2015-02-25','Wednesday',4,14,6.0000),(386,'2015-02-25','Wednesday',2,10,2.0000),(387,'2015-02-25','Wednesday',8,11,2.0000),(388,'2015-02-25','Wednesday',5,12,2.0000),(389,'2015-02-26','Thursday',8,8,10.0000),(390,'2015-02-26','Thursday',8,6,25.0000),(391,'2015-02-26','Thursday',5,15,12.0000),(392,'2015-02-26','Thursday',3,1,10.0000),(393,'2015-02-26','Thursday',7,5,9.0000),(394,'2015-02-26','Thursday',3,4,6.5000),(395,'2015-02-26','Thursday',7,2,6.5000),(396,'2015-02-26','Thursday',4,3,7.5000),(397,'2015-02-26','Thursday',3,7,30.0000),(398,'2015-02-26','Thursday',8,9,12.0000),(399,'2015-02-26','Thursday',0,13,30.0000),(400,'2015-02-26','Thursday',3,14,6.0000),(401,'2015-02-26','Thursday',2,10,2.0000),(402,'2015-02-26','Thursday',3,11,2.0000),(403,'2015-02-26','Thursday',1,12,3.0000),(404,'2015-02-27','Friday',8,8,10.0000),(405,'2015-02-27','Friday',5,6,25.0000),(406,'2015-02-27','Friday',3,15,12.0000),(407,'2015-02-27','Friday',12,1,10.0000),(408,'2015-02-27','Friday',9,5,9.0000),(409,'2015-02-27','Friday',6,4,6.5000),(410,'2015-02-27','Friday',18,2,6.5000),(411,'2015-02-27','Friday',3,3,7.5000),(412,'2015-02-27','Friday',4,7,30.0000),(413,'2015-02-27','Friday',12,9,12.0000),(414,'2015-02-27','Friday',5,13,30.0000),(415,'2015-02-27','Friday',3,14,6.0000),(416,'2015-02-27','Friday',1,10,2.0000),(417,'2015-02-27','Friday',3,11,2.0000),(418,'2015-02-27','Friday',1,12,3.0000),(419,'2015-02-28','Saturday',3,8,10.0000),(420,'2015-02-28','Saturday',2,6,25.0000),(421,'2015-02-28','Saturday',4,15,12.0000),(422,'2015-02-28','Saturday',5,1,10.0000),(423,'2015-02-28','Saturday',6,5,9.0000),(424,'2015-02-28','Saturday',3,4,6.5000),(425,'2015-02-28','Saturday',4,2,6.5000),(426,'2015-02-28','Saturday',6,3,7.5000),(427,'2015-02-28','Saturday',2,7,30.0000),(428,'2015-02-28','Saturday',9,9,12.0000),(429,'2015-02-28','Saturday',4,13,30.0000),(430,'2015-02-28','Saturday',7,14,6.0000),(431,'2015-02-28','Saturday',6,10,2.0000),(432,'2015-02-28','Saturday',8,11,2.0000),(433,'2015-02-28','Saturday',8,12,3.0000),(434,'2015-01-03','Saturday',4,8,10.0000),(435,'2015-01-03','Saturday',3,6,25.0000),(436,'2015-01-03','Saturday',3,15,12.0000),(437,'2015-01-03','Saturday',5,1,10.0000),(438,'2015-01-03','Saturday',4,5,9.0000),(439,'2015-01-03','Saturday',2,4,6.5000),(440,'2015-01-03','Saturday',3,2,6.5000),(441,'2015-01-03','Saturday',0,3,7.5000),(442,'2015-01-03','Saturday',1,7,30.0000),(443,'2015-01-03','Saturday',4,9,12.0000),(444,'2015-01-03','Saturday',3,13,30.0000),(445,'2015-01-03','Saturday',6,14,6.0000),(446,'2015-01-03','Saturday',4,10,2.0000),(447,'2015-01-03','Saturday',5,11,2.0000),(448,'2015-01-03','Saturday',12,12,3.0000);
/*!40000 ALTER TABLE `sales` ENABLE KEYS */;
UNLOCK TABLES;

--
-- Table structure for table `suppliers`
--

DROP TABLE IF EXISTS `suppliers`;
/*!40101 SET @saved_cs_client     = @@character_set_client */;
/*!40101 SET character_set_client = utf8 */;
CREATE TABLE `suppliers` (
  `supplier_id` int(11) NOT NULL,
  `supplier_name` varchar(45) NOT NULL,
  `product_id` int(11) DEFAULT NULL,
  `cost` decimal(19,4) NOT NULL,
  PRIMARY KEY (`supplier_id`),
  KEY `product_id_idx` (`product_id`),
  CONSTRAINT `product_id` FOREIGN KEY (`product_id`) REFERENCES `products` (`product_id`) ON DELETE NO ACTION ON UPDATE NO ACTION
) ENGINE=InnoDB DEFAULT CHARSET=latin1;
/*!40101 SET character_set_client = @saved_cs_client */;

--
-- Dumping data for table `suppliers`
--

LOCK TABLES `suppliers` WRITE;
/*!40000 ALTER TABLE `suppliers` DISABLE KEYS */;
/*!40000 ALTER TABLE `suppliers` ENABLE KEYS */;
UNLOCK TABLES;
/*!40103 SET TIME_ZONE=@OLD_TIME_ZONE */;

/*!40101 SET SQL_MODE=@OLD_SQL_MODE */;
/*!40014 SET FOREIGN_KEY_CHECKS=@OLD_FOREIGN_KEY_CHECKS */;
/*!40014 SET UNIQUE_CHECKS=@OLD_UNIQUE_CHECKS */;
/*!40101 SET CHARACTER_SET_CLIENT=@OLD_CHARACTER_SET_CLIENT */;
/*!40101 SET CHARACTER_SET_RESULTS=@OLD_CHARACTER_SET_RESULTS */;
/*!40101 SET COLLATION_CONNECTION=@OLD_COLLATION_CONNECTION */;
/*!40111 SET SQL_NOTES=@OLD_SQL_NOTES */;

-- Dump completed on 2015-04-15 14:51:34
